球団,リーグ,ポジション,選手,試合,刺殺,補殺,失策,併殺,捕逸,守備率,盗塁阻止率,更新日
阪神,セ,一塁手,大山 悠輔,71,611,36,5,48,,0.992,,2026/07/06
阪神,セ,一塁手,小野寺 暖,2,3,0,0,0,,1,,2026/07/06
阪神,セ,一塁手,木浪 聖也,2,18,4,0,3,,1,,2026/07/06
阪神,セ,一塁手,熊谷 敬宥,4,3,0,0,0,,1,,2026/07/06
阪神,セ,二塁手,熊谷 敬宥,4,5,10,0,2,,1,,2026/07/06
阪神,セ,二塁手,髙寺 望夢,2,1,8,0,2,,1,,2026/07/06
阪神,セ,二塁手,中野 拓夢,69,157,231,1,39,,0.997,,2026/07/06
阪神,セ,三塁手,木浪 聖也,2,1,7,1,1,,0.889,,2026/07/06
阪神,セ,三塁手,佐藤 輝明,55,39,70,8,7,,0.932,,2026/07/06
阪神,セ,三塁手,立石 正広,18,12,20,0,1,,1,,2026/07/06
阪神,セ,三塁手,元山 飛優,1,0,0,0,0,,0,,2026/07/06
阪神,セ,遊撃手,小幡 竜平,30,31,66,6,15,,0.942,,2026/07/06
阪神,セ,遊撃手,木浪 聖也,28,37,63,1,10,,0.99,,2026/07/06
阪神,セ,遊撃手,熊谷 敬宥,25,38,66,2,16,,0.981,,2026/07/06
阪神,セ,外野手,植田 海,3,0,0,0,0,,0,,2026/07/06
阪神,セ,外野手,岡城 快生,7,11,0,0,0,,1,,2026/07/06
阪神,セ,外野手,小野寺 暖,15,7,1,1,0,,0.889,,2026/07/06
阪神,セ,外野手,熊谷 敬宥,4,1,0,0,0,,1,,2026/07/06
阪神,セ,外野手,佐藤 輝明,18,34,0,2,0,,0.944,,2026/07/06
阪神,セ,外野手,島田 海吏,2,1,0,0,0,,1,,2026/07/06
阪神,セ,外野手,髙寺 望夢,54,93,2,1,1,,0.99,,2026/07/06
阪神,セ,外野手,立石 正広,4,8,0,0,0,,1,,2026/07/06
阪神,セ,外野手,近本 光司,24,46,2,1,0,,0.98,,2026/07/06
阪神,セ,外野手,中川 勇斗,6,11,0,0,0,,1,,2026/07/06
阪神,セ,外野手,濱田 太貴,3,3,0,0,0,,1,,2026/07/06
阪神,セ,外野手,福島 圭音,26,36,0,2,0,,0.947,,2026/07/06
阪神,セ,外野手,前川 右京,17,19,1,0,0,,1,,2026/07/06
阪神,セ,外野手,森下 翔太,73,121,3,2,0,,0.984,,2026/07/06
阪神,セ,捕手,梅野 隆太郎,11,90,9,0,0,0,1,0.1,2026/07/06
阪神,セ,捕手,榮枝 裕貴,2,1,0,0,0,0,1,0,2026/07/06
阪神,セ,捕手,坂本 誠志郎,44,298,46,4,6,1,0.989,0.313,2026/07/06
阪神,セ,捕手,嶋村 麟士朗,7,7,1,0,0,1,1,0,2026/07/06
阪神,セ,捕手,伏見 寅威,27,174,10,0,0,0,1,0.5,2026/07/06
阪神,セ,投手,石黒 佑弥,12,1,4,0,0,,1,,2026/07/06
阪神,セ,投手,伊藤 将司,2,0,2,0,0,,1,,2026/07/06
阪神,セ,投手,伊原 陵人,3,1,0,0,0,,1,,2026/07/06
阪神,セ,投手,茨木 秀俊,3,0,2,0,0,,1,,2026/07/06
阪神,セ,投手,岩貞 祐太,1,0,0,0,0,,0,,2026/07/06
阪神,セ,投手,岩崎 優,23,0,5,0,0,,1,,2026/07/06
阪神,セ,投手,大竹 耕太郎,11,0,12,0,1,,1,,2026/07/06
阪神,セ,投手,及川 雅貴,20,1,5,0,0,,1,,2026/07/06
阪神,セ,投手,木下 里都,12,1,2,0,0,,1,,2026/07/06
阪神,セ,投手,桐敷 拓馬,18,0,1,0,0,,1,,2026/07/06
阪神,セ,投手,工藤 泰成,24,2,6,0,1,,1,,2026/07/06
阪神,セ,投手,今朝丸 裕喜,1,0,1,0,0,,1,,2026/07/06
阪神,セ,投手,才木 浩人,14,4,9,0,0,,1,,2026/07/06
阪神,セ,投手,椎葉 剛,4,0,1,1,0,,0.5,,2026/07/06
阪神,セ,投手,下村 海翔,1,0,2,0,0,,1,,2026/07/06
阪神,セ,投手,髙橋 遥人,12,5,24,0,0,,1,,2026/07/06
阪神,セ,投手,津田 淳哉,3,0,1,0,0,,1,,2026/07/06
阪神,セ,投手,ドリス,28,2,2,0,0,,1,,2026/07/06
阪神,セ,投手,富田 蓮,1,0,0,0,0,,0,,2026/07/06
阪神,セ,投手,西 勇輝,6,0,3,0,0,,1,,2026/07/06
阪神,セ,投手,畠 世周,11,2,4,0,1,,1,,2026/07/06
阪神,セ,投手,早川 太貴,8,0,3,1,0,,0.75,,2026/07/06
阪神,セ,投手,村上 頌樹,15,5,15,1,1,,0.952,,2026/07/06
阪神,セ,投手,モレッタ,17,0,2,0,0,,1,,2026/07/06
阪神,セ,投手,門別 啓人,5,0,2,0,0,,1,,2026/07/06
阪神,セ,投手,湯浅 京己,20,0,3,0,0,,1,,2026/07/06
阪神,セ,投手,ルーカス,3,0,4,0,1,,1,,2026/07/06
巨人,セ,一塁手,大城 卓三,3,24,2,0,4,,1,,2026/07/06
巨人,セ,一塁手,岸田 行倫,1,3,0,0,1,,1,,2026/07/06
巨人,セ,一塁手,ダルベック,50,334,23,4,36,,0.989,,2026/07/06
巨人,セ,一塁手,ティマ,9,54,4,0,4,,1,,2026/07/06
巨人,セ,一塁手,増田 陸,32,219,15,3,19,,0.987,,2026/07/06
巨人,セ,一塁手,リチャード,1,8,1,0,2,,1,,2026/07/06
巨人,セ,二塁手,宇都宮 葵星,1,0,2,0,0,,1,,2026/07/06
巨人,セ,二塁手,浦田 俊輔,39,78,132,2,26,,0.991,,2026/07/06
巨人,セ,二塁手,門脇 誠,9,13,17,0,5,,1,,2026/07/06
巨人,セ,二塁手,増田 陸,2,3,2,0,2,,1,,2026/07/06
巨人,セ,二塁手,吉川 尚輝,34,60,89,0,20,,1,,2026/07/06
巨人,セ,三塁手,宇都宮 葵星,1,0,0,0,0,,0,,2026/07/06
巨人,セ,三塁手,浦田 俊輔,12,9,18,0,0,,1,,2026/07/06
巨人,セ,三塁手,門脇 誠,30,2,19,1,2,,0.955,,2026/07/06
巨人,セ,三塁手,小濱 佑斗,7,3,4,0,1,,1,,2026/07/06
巨人,セ,三塁手,坂本 勇人,25,12,25,0,4,,1,,2026/07/06
巨人,セ,三塁手,ダルベック,35,17,50,3,5,,0.957,,2026/07/06
巨人,セ,三塁手,増田 大輝,1,0,0,1,0,,0,,2026/07/06
巨人,セ,三塁手,吉川 尚輝,1,0,0,0,0,,0,,2026/07/06
巨人,セ,三塁手,リチャード,2,1,1,0,1,,1,,2026/07/06
巨人,セ,遊撃手,石塚 裕惺,2,4,4,0,2,,1,,2026/07/06
巨人,セ,遊撃手,泉口 友汰,59,78,155,7,34,,0.971,,2026/07/06
巨人,セ,遊撃手,浦田 俊輔,10,16,30,0,9,,1,,2026/07/06
巨人,セ,遊撃手,門脇 誠,2,0,4,0,0,,1,,2026/07/06
巨人,セ,遊撃手,小濱 佑斗,7,11,29,0,6,,1,,2026/07/06
巨人,セ,外野手,浅野 翔吾,8,13,0,0,0,,1,,2026/07/06
巨人,セ,外野手,宇都宮 葵星,1,1,0,0,0,,1,,2026/07/06
巨人,セ,外野手,キャベッジ,69,108,4,3,1,,0.974,,2026/07/06
巨人,セ,外野手,佐々木 俊輔,53,67,2,0,1,,1,,2026/07/06
巨人,セ,外野手,笹原 操希,2,4,0,0,0,,1,,2026/07/06
巨人,セ,外野手,中山 礼都,28,40,1,0,0,,1,,2026/07/06
巨人,セ,外野手,萩尾 匡也,1,0,0,0,0,,0,,2026/07/06
巨人,セ,外野手,平山 功太,23,31,1,0,0,,1,,2026/07/06
巨人,セ,外野手,増田 大輝,12,8,0,0,0,,1,,2026/07/06
巨人,セ,外野手,松本 剛,63,78,4,0,2,,1,,2026/07/06
巨人,セ,外野手,丸 佳浩,13,14,0,0,0,,1,,2026/07/06
巨人,セ,外野手,皆川 岳飛,3,2,0,0,0,,1,,2026/07/06
巨人,セ,外野手,若林 楽人,10,9,0,0,0,,1,,2026/07/06
巨人,セ,捕手,大城 卓三,36,288,16,2,1,1,0.993,0.263,2026/07/06
巨人,セ,捕手,甲斐 拓也,2,12,0,0,0,0,1,0,2026/07/06
巨人,セ,捕手,岸田 行倫,37,277,29,2,2,3,0.994,0.316,2026/07/06
巨人,セ,捕手,小林 誠司,6,23,1,0,0,0,1,0,2026/07/06
巨人,セ,捕手,山瀬 慎之助,4,31,1,0,1,0,1,0.333,2026/07/06
巨人,セ,投手,赤星 優志,21,3,4,0,0,,1,,2026/07/06
巨人,セ,投手,石川 達也,6,1,1,0,0,,1,,2026/07/06
巨人,セ,投手,泉 圭輔,2,0,0,0,0,,0,,2026/07/06
巨人,セ,投手,井上 温大,13,3,14,0,0,,1,,2026/07/06
巨人,セ,投手,ウィットリー,11,2,1,2,1,,0.6,,2026/07/06
巨人,セ,投手,北浦 竜次,11,0,2,0,0,,1,,2026/07/06
巨人,セ,投手,大勢,31,1,1,0,0,,1,,2026/07/06
巨人,セ,投手,高梨 雄平,15,0,3,0,0,,1,,2026/07/06
巨人,セ,投手,竹丸 和幸,12,3,8,0,0,,1,,2026/07/06
巨人,セ,投手,田中 瑛斗,33,3,0,0,0,,1,,2026/07/06
巨人,セ,投手,田中 将大,10,0,7,1,0,,0.875,,2026/07/06
巨人,セ,投手,田和 廉,27,4,4,0,1,,1,,2026/07/06
巨人,セ,投手,戸郷 翔征,8,0,3,0,0,,1,,2026/07/06
巨人,セ,投手,中川 皓太,24,0,3,1,0,,0.75,,2026/07/06
巨人,セ,投手,西舘 勇陽,3,0,2,0,0,,1,,2026/07/06
巨人,セ,投手,則本 昂大,8,0,4,0,1,,1,,2026/07/06
巨人,セ,投手,ハワード,2,0,1,0,0,,1,,2026/07/06
巨人,セ,投手,船迫 大雅,24,0,3,0,0,,1,,2026/07/06
巨人,セ,投手,堀田 賢慎,11,0,1,0,1,,1,,2026/07/06
巨人,セ,投手,マタ,3,0,2,0,0,,1,,2026/07/06
巨人,セ,投手,マルティネス,30,3,5,1,0,,0.889,,2026/07/06
巨人,セ,投手,又木 鉄平,4,2,0,0,0,,1,,2026/07/06
巨人,セ,投手,宮原 駿介,5,0,0,0,0,,0,,2026/07/06
巨人,セ,投手,森田 駿哉,3,0,2,0,0,,1,,2026/07/06
巨人,セ,投手,山城 京平,1,1,1,0,0,,1,,2026/07/06
巨人,セ,投手,ルシアーノ,11,0,1,0,1,,1,,2026/07/06
DeNA,セ,一塁手,井上 朋也,2,12,1,0,1,,1,,2026/07/06
DeNA,セ,一塁手,小田 康一郎,1,3,2,0,0,,1,,2026/07/06
DeNA,セ,一塁手,京田 陽太,1,1,0,0,0,,1,,2026/07/06
DeNA,セ,一塁手,九鬼 隆平,2,1,0,0,0,,1,,2026/07/06
DeNA,セ,一塁手,佐野 恵太,57,406,47,0,28,,1,,2026/07/06
DeNA,セ,一塁手,筒香 嘉智,16,114,12,2,8,,0.984,,2026/07/06
DeNA,セ,一塁手,ビシエド,4,26,1,1,4,,0.964,,2026/07/06
DeNA,セ,一塁手,三森 大貴,5,3,3,1,1,,0.857,,2026/07/06
DeNA,セ,二塁手,石上 泰輝,1,2,0,0,0,,1,,2026/07/06
DeNA,セ,二塁手,小田 康一郎,1,2,1,0,1,,1,,2026/07/06
DeNA,セ,二塁手,京田 陽太,3,4,8,1,2,,0.923,,2026/07/06
DeNA,セ,二塁手,成瀬 脩人,12,22,25,2,7,,0.959,,2026/07/06
DeNA,セ,二塁手,林 琢真,14,16,34,3,2,,0.943,,2026/07/06
DeNA,セ,二塁手,牧 秀悟,39,76,107,6,18,,0.968,,2026/07/06
DeNA,セ,二塁手,三森 大貴,19,23,43,0,9,,1,,2026/07/06
DeNA,セ,二塁手,宮下 朝陽,1,0,0,0,0,,0,,2026/07/06
DeNA,セ,三塁手,小田 康一郎,1,1,0,0,0,,1,,2026/07/06
DeNA,セ,三塁手,京田 陽太,1,1,1,0,0,,1,,2026/07/06
DeNA,セ,三塁手,柴田 竜拓,22,4,4,0,0,,1,,2026/07/06
DeNA,セ,三塁手,筒香 嘉智,22,17,20,1,1,,0.974,,2026/07/06
DeNA,セ,三塁手,成瀬 脩人,1,0,0,0,0,,0,,2026/07/06
DeNA,セ,三塁手,林 琢真,9,0,4,1,0,,0.8,,2026/07/06
DeNA,セ,三塁手,宮﨑 敏郎,45,22,48,2,5,,0.972,,2026/07/06
DeNA,セ,三塁手,宮下 朝陽,1,1,2,0,1,,1,,2026/07/06
DeNA,セ,三塁手,度会 隆輝,10,6,12,0,0,,1,,2026/07/06
DeNA,セ,遊撃手,石上 泰輝,26,32,64,3,12,,0.97,,2026/07/06
DeNA,セ,遊撃手,京田 陽太,27,33,55,1,8,,0.989,,2026/07/06
DeNA,セ,遊撃手,柴田 竜拓,1,0,3,0,0,,1,,2026/07/06
DeNA,セ,遊撃手,成瀬 脩人,5,7,12,0,3,,1,,2026/07/06
DeNA,セ,遊撃手,林 琢真,9,9,22,0,5,,1,,2026/07/06
DeNA,セ,遊撃手,宮下 朝陽,19,24,52,0,7,,1,,2026/07/06
DeNA,セ,外野手,井上 朋也,1,0,0,0,0,,0,,2026/07/06
DeNA,セ,外野手,エンカーナシオン,4,6,1,0,0,,1,,2026/07/06
DeNA,セ,外野手,蝦名 達夫,61,112,2,0,0,,1,,2026/07/06
DeNA,セ,外野手,梶原 昂希,11,21,0,0,0,,1,,2026/07/06
DeNA,セ,外野手,勝又 温史,48,96,1,0,0,,1,,2026/07/06
DeNA,セ,外野手,神里 和毅,35,19,0,0,0,,1,,2026/07/06
DeNA,セ,外野手,九鬼 隆平,1,0,0,0,0,,0,,2026/07/06
DeNA,セ,外野手,佐野 恵太,16,24,0,0,0,,1,,2026/07/06
DeNA,セ,外野手,ヒュンメル,31,40,0,3,0,,0.93,,2026/07/06
DeNA,セ,外野手,三森 大貴,17,32,1,0,0,,1,,2026/07/06
DeNA,セ,外野手,度会 隆輝,57,79,3,0,0,,1,,2026/07/06
DeNA,セ,捕手,戸柱 恭孝,13,90,4,0,0,2,1,0.125,2026/07/06
DeNA,セ,捕手,古市 尊,3,7,0,0,0,0,1,0,2026/07/06
DeNA,セ,捕手,松尾 汐恩,42,331,29,1,3,1,0.997,0.3,2026/07/06
DeNA,セ,捕手,山本 祐大,25,210,14,1,2,0,0.996,0.19,2026/07/06
DeNA,セ,投手,東 克樹,13,8,13,0,0,,1,,2026/07/06
DeNA,セ,投手,石田 健大,2,0,0,0,0,,0,,2026/07/06
DeNA,セ,投手,石田 裕太郎,13,7,8,0,0,,1,,2026/07/06
DeNA,セ,投手,伊勢 大夢,23,1,1,0,0,,1,,2026/07/06
DeNA,セ,投手,入江 大生,7,2,4,1,0,,0.857,,2026/07/06
DeNA,セ,投手,岩田 将貴,12,2,4,0,0,,1,,2026/07/06
DeNA,セ,投手,尾形 崇斗,5,1,1,0,0,,1,,2026/07/06
DeNA,セ,投手,片山 皓心,1,0,0,0,0,,0,,2026/07/06
DeNA,セ,投手,コックス,2,0,1,0,0,,1,,2026/07/06
DeNA,セ,投手,坂本 裕哉,28,5,7,2,1,,0.857,,2026/07/06
DeNA,セ,投手,篠木 健太郎,7,1,5,1,0,,0.857,,2026/07/06
DeNA,セ,投手,柴田 竜拓,1,0,0,0,0,,0,,2026/07/06
DeNA,セ,投手,島田 舜也,4,3,4,0,1,,1,,2026/07/06
DeNA,セ,投手,庄司 陽斗,1,0,1,0,0,,1,,2026/07/06
DeNA,セ,投手,平良 拳太郎,11,6,6,1,0,,0.923,,2026/07/06
DeNA,セ,投手,竹田 祐,5,4,3,1,0,,0.875,,2026/07/06
DeNA,セ,投手,武田 陸玖,1,0,0,0,0,,0,,2026/07/06
DeNA,セ,投手,デュプランティエ,2,0,0,0,0,,0,,2026/07/06
DeNA,セ,投手,中川 虎大,28,2,2,0,1,,1,,2026/07/06
DeNA,セ,投手,中川 颯,5,0,0,0,0,,0,,2026/07/06
DeNA,セ,投手,橋本 達弥,6,1,0,0,0,,1,,2026/07/06
DeNA,セ,投手,深沢 鳳介,4,1,3,1,0,,0.8,,2026/07/06
DeNA,セ,投手,堀岡 隼人,6,2,0,0,0,,1,,2026/07/06
DeNA,セ,投手,マルセリーノ,18,2,3,0,0,,1,,2026/07/06
DeNA,セ,投手,宮城 滝太,21,1,2,0,0,,1,,2026/07/06
DeNA,セ,投手,山﨑 康晃,23,1,3,1,1,,0.8,,2026/07/06
DeNA,セ,投手,吉野 光樹,12,0,1,0,0,,1,,2026/07/06
DeNA,セ,投手,ルイーズ,27,3,4,0,0,,1,,2026/07/06
DeNA,セ,投手,レイノルズ,32,6,5,0,0,,1,,2026/07/06
DeNA,セ,投手,若松 尚輝,11,4,3,0,0,,1,,2026/07/06
広島,セ,一塁手,坂倉 将吾,41,244,18,1,18,,0.996,,2026/07/06
広島,セ,一塁手,佐々木 泰,9,49,0,0,1,,1,,2026/07/06
広島,セ,一塁手,佐藤 啓介,4,27,1,0,1,,1,,2026/07/06
広島,セ,一塁手,辰見 鴻之介,1,1,0,0,0,,1,,2026/07/06
広島,セ,一塁手,林 晃汰,1,7,1,0,1,,1,,2026/07/06
広島,セ,一塁手,二俣 翔一,1,4,0,0,1,,1,,2026/07/06
広島,セ,一塁手,モンテロ,38,294,13,2,27,,0.994,,2026/07/06
広島,セ,二塁手,勝田 成,19,29,44,0,11,,1,,2026/07/06
広島,セ,二塁手,菊池 涼介,62,90,169,1,24,,0.996,,2026/07/06
広島,セ,二塁手,佐藤 啓介,1,0,1,0,0,,1,,2026/07/06
広島,セ,二塁手,二俣 翔一,1,1,0,0,1,,1,,2026/07/06
広島,セ,三塁手,小園 海斗,43,9,36,2,0,,0.957,,2026/07/06
広島,セ,三塁手,坂倉 将吾,24,13,33,4,2,,0.92,,2026/07/06
広島,セ,三塁手,佐々木 泰,30,18,56,3,8,,0.961,,2026/07/06
広島,セ,三塁手,辰見 鴻之介,2,0,0,0,0,,0,,2026/07/06
広島,セ,三塁手,二俣 翔一,1,0,1,0,0,,1,,2026/07/06
広島,セ,遊撃手,勝田 成,18,22,28,1,5,,0.98,,2026/07/06
広島,セ,遊撃手,小園 海斗,49,47,107,1,20,,0.994,,2026/07/06
広島,セ,遊撃手,二俣 翔一,4,1,2,0,0,,1,,2026/07/06
広島,セ,遊撃手,矢野 雅哉,39,31,51,2,8,,0.976,,2026/07/06
広島,セ,外野手,秋山 翔吾,17,36,0,1,0,,0.973,,2026/07/06
広島,セ,外野手,大盛 穂,64,144,2,0,0,,1,,2026/07/06
広島,セ,外野手,久保 修,1,1,0,0,0,,1,,2026/07/06
広島,セ,外野手,佐々木 泰,11,18,1,0,0,,1,,2026/07/06
広島,セ,外野手,佐藤 啓介,2,1,0,0,0,,1,,2026/07/06
広島,セ,外野手,辰見 鴻之介,11,10,1,1,1,,0.917,,2026/07/06
広島,セ,外野手,田村 俊介,3,5,0,0,0,,1,,2026/07/06
広島,セ,外野手,中村 奨成,29,29,1,0,0,,1,,2026/07/06
広島,セ,外野手,名原 典彦,31,59,1,1,1,,0.984,,2026/07/06
広島,セ,外野手,野間 峻祥,24,27,0,3,0,,0.9,,2026/07/06
広島,セ,外野手,平川 蓮,27,55,3,0,2,,1,,2026/07/06
広島,セ,外野手,ファビアン,36,61,5,1,0,,0.985,,2026/07/06
広島,セ,外野手,二俣 翔一,15,13,0,0,0,,1,,2026/07/06
広島,セ,捕手,石原 貴規,26,130,12,1,2,1,0.993,0.333,2026/07/06
広島,セ,捕手,坂倉 将吾,20,121,11,0,2,1,1,0,2026/07/06
広島,セ,捕手,持丸 泰輝,48,316,25,0,0,5,1,0.118,2026/07/06
広島,セ,投手,赤木 晴哉,6,0,2,0,0,,1,,2026/07/06
広島,セ,投手,遠藤 淳志,26,0,4,0,0,,1,,2026/07/06
広島,セ,投手,大瀬良 大地,2,1,0,0,0,,1,,2026/07/06
広島,セ,投手,岡本 駿,13,1,4,0,1,,1,,2026/07/06
広島,セ,投手,栗林 良吏,7,8,9,0,0,,1,,2026/07/06
広島,セ,投手,黒原 拓未,3,0,0,0,0,,0,,2026/07/06
広島,セ,投手,齊藤 汰直,10,0,3,0,0,,1,,2026/07/06
広島,セ,投手,斉藤 優汰,1,0,0,0,0,,0,,2026/07/06
広島,セ,投手,島内 颯太郎,7,0,1,0,0,,1,,2026/07/06
広島,セ,投手,鈴木 健矢,17,3,3,0,0,,1,,2026/07/06
広島,セ,投手,ターノック,9,1,4,0,0,,1,,2026/07/06
広島,セ,投手,髙 太一,28,0,7,0,0,,1,,2026/07/06
広島,セ,投手,玉村 昇悟,8,3,4,0,0,,1,,2026/07/06
広島,セ,投手,辻 大雅,17,0,1,0,0,,1,,2026/07/06
広島,セ,投手,常廣 羽也斗,5,0,0,0,0,,0,,2026/07/06
広島,セ,投手,床田 寛樹,13,3,18,1,0,,0.955,,2026/07/06
広島,セ,投手,中﨑 翔太,27,1,7,0,0,,1,,2026/07/06
広島,セ,投手,ハーン,30,0,1,3,0,,0.25,,2026/07/06
広島,セ,投手,塹江 敦哉,19,1,7,0,1,,1,,2026/07/06
広島,セ,投手,益田 武尚,11,0,0,0,0,,0,,2026/07/06
広島,セ,投手,森 翔平,6,3,6,1,0,,0.9,,2026/07/06
広島,セ,投手,森浦 大輔,30,1,1,0,0,,1,,2026/07/06
広島,セ,投手,森下 暢仁,13,2,12,1,1,,0.933,,2026/07/06
ヤクルト,セ,一塁手,赤羽 由紘,8,29,1,0,1,,1,,2026/07/06
ヤクルト,セ,一塁手,オスナ,56,406,29,2,25,,0.995,,2026/07/06
ヤクルト,セ,一塁手,北村 恵吾,3,16,1,0,1,,1,,2026/07/06
ヤクルト,セ,一塁手,澤井 廉,5,32,1,0,3,,1,,2026/07/06
ヤクルト,セ,一塁手,宮本 丈,3,4,0,0,1,,1,,2026/07/06
ヤクルト,セ,一塁手,茂木 栄五郎,20,68,11,2,8,,0.975,,2026/07/06
ヤクルト,セ,一塁手,山野辺 翔,2,16,1,0,1,,1,,2026/07/06
ヤクルト,セ,二塁手,赤羽 由紘,10,13,20,1,2,,0.971,,2026/07/06
ヤクルト,セ,二塁手,石井 巧,3,5,7,0,2,,1,,2026/07/06
ヤクルト,セ,二塁手,伊藤 琉偉,32,32,50,2,11,,0.976,,2026/07/06
ヤクルト,セ,二塁手,内山 壮真,36,59,83,5,16,,0.966,,2026/07/06
ヤクルト,セ,二塁手,武岡 龍世,13,15,33,1,3,,0.98,,2026/07/06
ヤクルト,セ,二塁手,松下 歩叶,1,0,1,0,0,,1,,2026/07/06
ヤクルト,セ,三塁手,赤羽 由紘,17,6,13,1,1,,0.95,,2026/07/06
ヤクルト,セ,三塁手,石井 巧,3,0,6,0,0,,1,,2026/07/06
ヤクルト,セ,三塁手,伊藤 琉偉,1,0,1,0,0,,1,,2026/07/06
ヤクルト,セ,三塁手,内山 壮真,2,0,2,0,1,,1,,2026/07/06
ヤクルト,セ,三塁手,北村 恵吾,3,1,1,0,0,,1,,2026/07/06
ヤクルト,セ,三塁手,武岡 龍世,54,20,63,4,3,,0.954,,2026/07/06
ヤクルト,セ,三塁手,田中 陽翔,11,1,4,2,0,,0.714,,2026/07/06
ヤクルト,セ,三塁手,松下 歩叶,18,12,15,0,1,,1,,2026/07/06
ヤクルト,セ,遊撃手,石井 巧,5,4,12,0,3,,1,,2026/07/06
ヤクルト,セ,遊撃手,伊藤 琉偉,20,11,32,0,6,,1,,2026/07/06
ヤクルト,セ,遊撃手,内山 壮真,2,0,1,0,0,,1,,2026/07/06
ヤクルト,セ,遊撃手,武岡 龍世,9,10,9,0,5,,1,,2026/07/06
ヤクルト,セ,遊撃手,長岡 秀樹,56,68,128,5,21,,0.975,,2026/07/06
ヤクルト,セ,外野手,赤羽 由紘,31,27,2,0,0,,1,,2026/07/06
ヤクルト,セ,外野手,岩田 幸宏,67,153,0,3,0,,0.981,,2026/07/06
ヤクルト,セ,外野手,サンタナ,62,73,4,2,0,,0.975,,2026/07/06
ヤクルト,セ,外野手,澤井 廉,3,3,0,0,0,,1,,2026/07/06
ヤクルト,セ,外野手,塩見 泰隆,11,17,0,0,0,,1,,2026/07/06
ヤクルト,セ,外野手,並木 秀尊,17,31,0,0,0,,1,,2026/07/06
ヤクルト,セ,外野手,橋本 星哉,4,2,0,0,0,,1,,2026/07/06
ヤクルト,セ,外野手,増田 珠,51,98,1,1,0,,0.99,,2026/07/06
ヤクルト,セ,外野手,丸山 和郁,30,56,1,0,0,,1,,2026/07/06
ヤクルト,セ,外野手,モイセエフ ニキータ,1,1,0,0,0,,1,,2026/07/06
ヤクルト,セ,外野手,モンテル,21,30,0,2,0,,0.938,,2026/07/06
ヤクルト,セ,外野手,山野辺 翔,3,1,0,0,0,,1,,2026/07/06
ヤクルト,セ,捕手,古賀 優大,45,344,31,0,2,0,1,0.313,2026/07/06
ヤクルト,セ,捕手,鈴木 叶,23,160,14,2,0,0,0.989,0.115,2026/07/06
ヤクルト,セ,捕手,中村 悠平,16,92,6,0,1,1,1,0.143,2026/07/06
ヤクルト,セ,捕手,松本 直樹,1,1,0,0,0,0,1,0,2026/07/06
ヤクルト,セ,捕手,矢野 泰二郎,1,3,0,0,0,0,1,0,2026/07/06
ヤクルト,セ,投手,飯田 琉斗,1,0,0,0,0,,0,,2026/07/06
ヤクルト,セ,投手,石原 勇輝,1,0,2,0,0,,1,,2026/07/06
ヤクルト,セ,投手,ウォルターズ,2,1,1,0,0,,1,,2026/07/06
ヤクルト,セ,投手,オスナ,1,0,0,0,0,,0,,2026/07/06
ヤクルト,セ,投手,大西 広樹,6,0,1,0,0,,1,,2026/07/06
ヤクルト,セ,投手,大道 温貴,1,0,0,0,0,,0,,2026/07/06
ヤクルト,セ,投手,小川 泰弘,7,2,4,0,0,,1,,2026/07/06
ヤクルト,セ,投手,奥川 恭伸,11,3,9,0,1,,1,,2026/07/06
ヤクルト,セ,投手,キハダ,28,0,1,0,0,,1,,2026/07/06
ヤクルト,セ,投手,木澤 尚文,11,3,0,0,1,,1,,2026/07/06
ヤクルト,セ,投手,小澤 怜史,9,0,2,0,1,,1,,2026/07/06
ヤクルト,セ,投手,阪口 皓亮,11,1,2,1,1,,0.75,,2026/07/06
ヤクルト,セ,投手,清水 昇,24,2,4,0,1,,1,,2026/07/06
ヤクルト,セ,投手,下川 隼佑,1,0,0,0,0,,0,,2026/07/06
ヤクルト,セ,投手,荘司 宏太,20,0,2,0,0,,1,,2026/07/06
ヤクルト,セ,投手,高梨 裕稔,10,3,7,0,0,,1,,2026/07/06
ヤクルト,セ,投手,高橋 奎二,6,1,3,0,0,,1,,2026/07/06
ヤクルト,セ,投手,拓也,7,0,0,0,0,,0,,2026/07/06
ヤクルト,セ,投手,田口 麗斗,10,0,1,1,0,,0.5,,2026/07/06
ヤクルト,セ,投手,廣澤 優,24,0,2,3,0,,0.4,,2026/07/06
ヤクルト,セ,投手,星 知弥,29,2,1,0,0,,1,,2026/07/06
ヤクルト,セ,投手,増居 翔太,2,0,0,0,0,,0,,2026/07/06
ヤクルト,セ,投手,松本 健吾,12,4,4,0,1,,1,,2026/07/06
ヤクルト,セ,投手,丸山 翔大,19,0,3,0,0,,1,,2026/07/06
ヤクルト,セ,投手,山野 太一,13,7,17,1,1,,0.96,,2026/07/06
ヤクルト,セ,投手,吉村 貢司郎,11,2,9,0,0,,1,,2026/07/06
ヤクルト,セ,投手,リランソ,16,0,0,1,0,,0,,2026/07/06
中日,セ,一塁手,阿部 寿樹,17,116,9,0,7,,1,,2026/07/06
中日,セ,一塁手,石川 昂弥,12,63,6,0,2,,1,,2026/07/06
中日,セ,一塁手,板山 祐太郎,8,18,1,0,0,,1,,2026/07/06
中日,セ,一塁手,サノー,25,187,17,1,14,,0.995,,2026/07/06
中日,セ,一塁手,高橋 周平,7,32,5,0,2,,1,,2026/07/06
中日,セ,一塁手,福永 裕基,2,5,0,0,1,,1,,2026/07/06
中日,セ,一塁手,ボスラー,27,229,19,3,16,,0.988,,2026/07/06
中日,セ,二塁手,板山 祐太郎,7,9,18,0,4,,1,,2026/07/06
中日,セ,二塁手,田中 幹也,61,124,182,1,29,,0.997,,2026/07/06
中日,セ,二塁手,辻本 倫太郎,3,4,5,0,1,,1,,2026/07/06
中日,セ,二塁手,土田 龍空,6,10,11,1,2,,0.955,,2026/07/06
中日,セ,二塁手,福永 裕基,1,1,3,0,0,,1,,2026/07/06
中日,セ,二塁手,山本 泰寛,14,26,25,0,0,,1,,2026/07/06
中日,セ,三塁手,石川 昂弥,28,22,54,1,2,,0.987,,2026/07/06
中日,セ,三塁手,板山 祐太郎,1,0,0,0,0,,0,,2026/07/06
中日,セ,三塁手,高橋 周平,13,4,21,0,1,,1,,2026/07/06
中日,セ,三塁手,福永 裕基,38,22,56,2,3,,0.975,,2026/07/06
中日,セ,三塁手,ボスラー,2,1,3,0,0,,1,,2026/07/06
中日,セ,三塁手,山本 泰寛,9,2,4,0,0,,1,,2026/07/06
中日,セ,遊撃手,辻本 倫太郎,1,0,1,0,0,,1,,2026/07/06
中日,セ,遊撃手,土田 龍空,1,0,0,0,0,,0,,2026/07/06
中日,セ,遊撃手,村松 開人,74,97,184,11,28,,0.962,,2026/07/06
中日,セ,遊撃手,山本 泰寛,3,2,3,0,1,,1,,2026/07/06
中日,セ,遊撃手,ロドリゲス,1,0,3,0,1,,1,,2026/07/06
中日,セ,外野手,板山 祐太郎,31,41,3,0,1,,1,,2026/07/06
中日,セ,外野手,鵜飼 航丞,43,58,1,1,0,,0.983,,2026/07/06
中日,セ,外野手,大島 洋平,18,21,0,1,0,,0.955,,2026/07/06
中日,セ,外野手,岡林 勇希,28,64,1,0,0,,1,,2026/07/06
中日,セ,外野手,尾田 剛樹,22,11,0,1,0,,0.917,,2026/07/06
中日,セ,外野手,カリステ,16,23,1,1,0,,0.96,,2026/07/06
中日,セ,外野手,土田 龍空,15,12,0,0,0,,1,,2026/07/06
中日,セ,外野手,花田 旭,19,30,0,0,0,,1,,2026/07/06
中日,セ,外野手,樋口 正修,3,0,0,0,0,,0,,2026/07/06
中日,セ,外野手,ブライト 健太,4,4,0,0,0,,1,,2026/07/06
中日,セ,外野手,ボスラー,14,14,0,0,0,,1,,2026/07/06
中日,セ,外野手,細川 成也,75,118,5,1,1,,0.992,,2026/07/06
中日,セ,捕手,石伊 雄太,55,435,35,2,6,5,0.996,0.226,2026/07/06
中日,セ,捕手,加藤 匠馬,20,95,19,0,1,0,1,0.5,2026/07/06
中日,セ,捕手,木下 拓哉,13,81,10,1,1,0,0.989,0.308,2026/07/06
中日,セ,捕手,味谷 大誠,4,5,0,0,0,0,1,0,2026/07/06
中日,セ,投手,アブレウ,3,0,1,0,0,,1,,2026/07/06
中日,セ,投手,伊藤 茉央,10,1,1,0,0,,1,,2026/07/06
中日,セ,投手,梅野 雄吾,2,2,0,0,0,,1,,2026/07/06
中日,セ,投手,大野 雄大,12,10,19,1,2,,0.967,,2026/07/06
中日,セ,投手,勝野 昌慶,7,0,1,0,0,,1,,2026/07/06
中日,セ,投手,金丸 夢斗,14,4,10,0,2,,1,,2026/07/06
中日,セ,投手,草加 勝,6,0,0,0,0,,0,,2026/07/06
中日,セ,投手,近藤 廉,3,1,2,0,0,,1,,2026/07/06
中日,セ,投手,齋藤 綱記,30,0,3,0,0,,1,,2026/07/06
中日,セ,投手,櫻井 頼之介,10,2,4,1,0,,0.857,,2026/07/06
中日,セ,投手,篠﨑 国忠,3,0,0,0,0,,0,,2026/07/06
中日,セ,投手,清水 達也,4,0,1,0,0,,1,,2026/07/06
中日,セ,投手,杉浦 稔大,11,2,0,0,0,,1,,2026/07/06
中日,セ,投手,髙橋 宏斗,9,3,11,0,1,,1,,2026/07/06
中日,セ,投手,仲地 礼亜,4,1,0,0,0,,1,,2026/07/06
中日,セ,投手,中西 聖輝,5,1,2,1,0,,0.75,,2026/07/06
中日,セ,投手,根尾 昂,9,1,0,0,0,,1,,2026/07/06
中日,セ,投手,橋本 侑樹,18,1,4,1,0,,0.833,,2026/07/06
中日,セ,投手,福 敬登,3,0,0,0,0,,0,,2026/07/06
中日,セ,投手,藤嶋 健人,32,1,3,0,0,,1,,2026/07/06
中日,セ,投手,マラー,9,5,6,1,0,,0.917,,2026/07/06
中日,セ,投手,牧野 憲伸,19,2,1,0,0,,1,,2026/07/06
中日,セ,投手,松葉 貴大,1,1,1,0,0,,1,,2026/07/06
中日,セ,投手,松山 晋也,23,1,3,0,0,,1,,2026/07/06
中日,セ,投手,メヒア,18,1,4,0,0,,1,,2026/07/06
中日,セ,投手,柳 裕也,14,4,5,0,0,,1,,2026/07/06
中日,セ,投手,吉田 聖弥,26,0,3,0,0,,1,,2026/07/06
中日,セ,投手,涌井 秀章,3,0,4,0,0,,1,,2026/07/06
ソフトバンク,パ,一塁手,石塚 綜一郎,4,18,0,0,2,,1,,2026/07/06
ソフトバンク,パ,一塁手,川瀬 晃,1,3,0,0,0,,1,,2026/07/06
ソフトバンク,パ,一塁手,栗原 陵矢,30,62,1,0,9,,1,,2026/07/06
ソフトバンク,パ,一塁手,髙橋 隆慶,1,6,1,0,0,,1,,2026/07/06
ソフトバンク,パ,一塁手,中村 晃,2,11,0,0,1,,1,,2026/07/06
ソフトバンク,パ,一塁手,廣瀨 隆太,15,87,9,0,6,,1,,2026/07/06
ソフトバンク,パ,一塁手,正木 智也,20,120,12,1,12,,0.992,,2026/07/06
ソフトバンク,パ,一塁手,山川 穂高,37,273,12,2,27,,0.993,,2026/07/06
ソフトバンク,パ,二塁手,今宮 健太,10,22,15,1,7,,0.974,,2026/07/06
ソフトバンク,パ,二塁手,川瀬 晃,14,16,34,0,5,,1,,2026/07/06
ソフトバンク,パ,二塁手,庄子 雄大,6,13,13,0,3,,1,,2026/07/06
ソフトバンク,パ,二塁手,野村 勇,3,3,1,0,0,,1,,2026/07/06
ソフトバンク,パ,二塁手,廣瀨 隆太,2,0,3,0,0,,1,,2026/07/06
ソフトバンク,パ,二塁手,牧原 大成,59,110,149,1,35,,0.996,,2026/07/06
ソフトバンク,パ,三塁手,栗原 陵矢,73,43,111,8,14,,0.951,,2026/07/06
ソフトバンク,パ,三塁手,庄子 雄大,1,0,0,0,0,,0,,2026/07/06
ソフトバンク,パ,三塁手,野村 勇,30,13,10,1,3,,0.958,,2026/07/06
ソフトバンク,パ,三塁手,廣瀨 隆太,1,0,0,0,0,,0,,2026/07/06
ソフトバンク,パ,遊撃手,今宮 健太,23,37,48,1,13,,0.988,,2026/07/06
ソフトバンク,パ,遊撃手,川瀬 晃,11,9,19,0,4,,1,,2026/07/06
ソフトバンク,パ,遊撃手,庄子 雄大,37,38,81,2,15,,0.983,,2026/07/06
ソフトバンク,パ,遊撃手,野村 勇,22,29,39,1,7,,0.986,,2026/07/06
ソフトバンク,パ,外野手,イヒネ イツア,6,0,0,0,0,,0,,2026/07/06
ソフトバンク,パ,外野手,川村 友斗,47,18,1,0,0,,1,,2026/07/06
ソフトバンク,パ,外野手,近藤 健介,61,116,1,3,0,,0.975,,2026/07/06
ソフトバンク,パ,外野手,笹川 吉康,9,20,1,0,0,,1,,2026/07/06
ソフトバンク,パ,外野手,周東 佑京,69,161,1,0,0,,1,,2026/07/06
ソフトバンク,パ,外野手,谷川原 健太,22,8,0,1,0,,0.889,,2026/07/06
ソフトバンク,パ,外野手,牧原 大成,19,27,1,0,0,,1,,2026/07/06
ソフトバンク,パ,外野手,正木 智也,24,37,0,1,0,,0.974,,2026/07/06
ソフトバンク,パ,外野手,柳田 悠岐,10,16,0,0,0,,1,,2026/07/06
ソフトバンク,パ,外野手,柳町 達,40,61,0,0,0,,1,,2026/07/06
ソフトバンク,パ,外野手,山本 恵大,9,14,1,1,0,,0.938,,2026/07/06
ソフトバンク,パ,捕手,海野 隆司,57,419,43,0,2,4,1,0.444,2026/07/06
ソフトバンク,パ,捕手,谷川原 健太,18,53,13,0,3,0,1,0.3,2026/07/06
ソフトバンク,パ,捕手,山本 祐大,14,101,12,1,1,0,0.991,0.333,2026/07/06
ソフトバンク,パ,捕手,渡邉 陸,8,38,4,1,0,0,0.977,0,2026/07/06
ソフトバンク,パ,投手,アルメンタ,2,0,0,0,0,,0,,2026/07/06
ソフトバンク,パ,投手,伊藤 優輔,18,1,4,0,1,,1,,2026/07/06
ソフトバンク,パ,投手,稲川 竜汰,1,0,0,0,0,,0,,2026/07/06
ソフトバンク,パ,投手,岩井 俊介,2,0,1,0,0,,1,,2026/07/06
ソフトバンク,パ,投手,上沢 直之,10,3,6,0,0,,1,,2026/07/06
ソフトバンク,パ,投手,オスナ,25,2,2,0,0,,1,,2026/07/06
ソフトバンク,パ,投手,大江 竜聖,3,0,2,0,0,,1,,2026/07/06
ソフトバンク,パ,投手,大関 友久,8,2,8,0,1,,1,,2026/07/06
ソフトバンク,パ,投手,大竹 風雅,4,1,1,1,0,,0.667,,2026/07/06
ソフトバンク,パ,投手,大津 亮介,12,1,12,0,2,,1,,2026/07/06
ソフトバンク,パ,投手,大野 稼頭央,4,1,0,0,0,,1,,2026/07/06
ソフトバンク,パ,投手,大山 凌,2,0,0,0,0,,0,,2026/07/06
ソフトバンク,パ,投手,尾形 崇斗,10,0,2,0,0,,1,,2026/07/06
ソフトバンク,パ,投手,上茶谷 大河,26,2,5,0,0,,1,,2026/07/06
ソフトバンク,パ,投手,木村 光,27,2,5,0,0,,1,,2026/07/06
ソフトバンク,パ,投手,徐 若熙,6,1,4,0,0,,1,,2026/07/06
ソフトバンク,パ,投手,スチュワート・ジュニア,10,6,7,1,0,,0.929,,2026/07/06
ソフトバンク,パ,投手,杉山 一樹,26,1,1,0,0,,1,,2026/07/06
ソフトバンク,パ,投手,鈴木 豪太,17,3,2,0,0,,1,,2026/07/06
ソフトバンク,パ,投手,津森 宥紀,26,1,0,0,0,,1,,2026/07/06
ソフトバンク,パ,投手,中村 稔弥,5,0,1,0,0,,1,,2026/07/06
ソフトバンク,パ,投手,藤原 大翔,2,0,0,0,0,,0,,2026/07/06
ソフトバンク,パ,投手,ヘルナンデス,24,2,0,0,0,,1,,2026/07/06
ソフトバンク,パ,投手,北斗,1,0,1,0,0,,1,,2026/07/06
ソフトバンク,パ,投手,前田 純,4,0,1,0,1,,1,,2026/07/06
ソフトバンク,パ,投手,前田 悠伍,8,0,5,0,0,,1,,2026/07/06
ソフトバンク,パ,投手,松本 晴,12,2,7,0,0,,1,,2026/07/06
ソフトバンク,パ,投手,松本 裕樹,28,3,3,0,0,,1,,2026/07/06
日本ハム,パ,一塁手,清宮 幸太郎,69,483,53,8,34,,0.985,,2026/07/06
日本ハム,パ,一塁手,郡司 裕也,1,0,0,0,0,,0,,2026/07/06
日本ハム,パ,一塁手,清水 優心,2,1,0,0,0,,1,,2026/07/06
日本ハム,パ,一塁手,西川 遥輝,2,7,1,0,0,,1,,2026/07/06
日本ハム,パ,一塁手,野村 佑希,9,64,3,0,7,,1,,2026/07/06
日本ハム,パ,一塁手,細川 凌平,9,14,1,0,4,,1,,2026/07/06
日本ハム,パ,一塁手,マルティネス,2,18,2,0,0,,1,,2026/07/06
日本ハム,パ,一塁手,レイエス,8,60,6,0,10,,1,,2026/07/06
日本ハム,パ,二塁手,大塚 瑠晏,21,24,38,0,8,,1,,2026/07/06
日本ハム,パ,二塁手,カストロ,15,22,33,2,1,,0.965,,2026/07/06
日本ハム,パ,二塁手,上川畑 大悟,7,15,18,1,5,,0.971,,2026/07/06
日本ハム,パ,二塁手,奈良間 大己,47,77,116,4,24,,0.98,,2026/07/06
日本ハム,パ,二塁手,野村 佑希,7,2,10,1,0,,0.923,,2026/07/06
日本ハム,パ,二塁手,細川 凌平,5,4,10,1,1,,0.933,,2026/07/06
日本ハム,パ,二塁手,水野 達稀,6,5,16,0,4,,1,,2026/07/06
日本ハム,パ,二塁手,山縣 秀,6,1,9,0,2,,1,,2026/07/06
日本ハム,パ,二塁手,吉田 賢吾,1,0,0,0,0,,0,,2026/07/06
日本ハム,パ,三塁手,大塚 瑠晏,10,1,8,1,0,,0.9,,2026/07/06
日本ハム,パ,三塁手,カストロ,4,1,3,0,0,,1,,2026/07/06
日本ハム,パ,三塁手,清宮 幸太郎,4,1,2,2,0,,0.6,,2026/07/06
日本ハム,パ,三塁手,郡司 裕也,59,49,76,9,5,,0.933,,2026/07/06
日本ハム,パ,三塁手,奈良間 大己,19,3,9,0,0,,1,,2026/07/06
日本ハム,パ,三塁手,野村 佑希,13,5,8,2,0,,0.867,,2026/07/06
日本ハム,パ,三塁手,細川 凌平,5,0,3,0,0,,1,,2026/07/06
日本ハム,パ,三塁手,山縣 秀,14,6,8,0,1,,1,,2026/07/06
日本ハム,パ,遊撃手,大塚 瑠晏,4,4,4,0,0,,1,,2026/07/06
日本ハム,パ,遊撃手,カストロ,1,1,0,0,0,,1,,2026/07/06
日本ハム,パ,遊撃手,奈良間 大己,5,1,10,0,3,,1,,2026/07/06
日本ハム,パ,遊撃手,水野 達稀,69,102,163,5,39,,0.981,,2026/07/06
日本ハム,パ,遊撃手,山縣 秀,11,11,22,0,5,,1,,2026/07/06
日本ハム,パ,外野手,淺間 大基,14,24,1,0,0,,1,,2026/07/06
日本ハム,パ,外野手,五十幡 亮汰,52,64,0,0,0,,1,,2026/07/06
日本ハム,パ,外野手,エドポロ ケイン,4,6,0,0,0,,1,,2026/07/06
日本ハム,パ,外野手,カストロ,29,44,0,0,0,,1,,2026/07/06
日本ハム,パ,外野手,清宮 幸太郎,4,5,0,0,0,,1,,2026/07/06
日本ハム,パ,外野手,西川 遥輝,15,25,0,3,0,,0.893,,2026/07/06
日本ハム,パ,外野手,野村 佑希,36,64,1,0,0,,1,,2026/07/06
日本ハム,パ,外野手,細川 凌平,21,19,0,0,0,,1,,2026/07/06
日本ハム,パ,外野手,マルティネス,7,9,0,0,0,,1,,2026/07/06
日本ハム,パ,外野手,万波 中正,77,107,5,2,1,,0.982,,2026/07/06
日本ハム,パ,外野手,水谷 瞬,32,46,1,0,0,,1,,2026/07/06
日本ハム,パ,外野手,矢澤 宏太,48,57,1,1,0,,0.983,,2026/07/06
日本ハム,パ,外野手,吉田 賢吾,13,20,0,0,0,,1,,2026/07/06
日本ハム,パ,捕手,梅林 優貴,2,13,0,0,0,0,1,0,2026/07/06
日本ハム,パ,捕手,清水 優心,12,46,4,0,0,0,1,1,2026/07/06
日本ハム,パ,捕手,進藤 勇也,24,170,16,0,0,1,1,0.385,2026/07/06
日本ハム,パ,捕手,田宮 裕涼,59,394,31,1,3,0,0.998,0.28,2026/07/06
日本ハム,パ,捕手,マルティネス,1,3,0,1,0,0,0.75,0,2026/07/06
日本ハム,パ,捕手,吉田 賢吾,1,3,0,0,0,1,1,0,2026/07/06
日本ハム,パ,投手,有原 航平,7,5,6,0,2,,1,,2026/07/06
日本ハム,パ,投手,池田 隆英,6,1,0,0,0,,1,,2026/07/06
日本ハム,パ,投手,伊藤 大海,15,7,14,1,0,,0.955,,2026/07/06
日本ハム,パ,投手,上原 健太,21,1,1,0,0,,1,,2026/07/06
日本ハム,パ,投手,大川 慈英,2,0,0,0,0,,0,,2026/07/06
日本ハム,パ,投手,加藤 貴之,12,4,7,0,1,,1,,2026/07/06
日本ハム,パ,投手,金村 尚真,2,0,1,0,0,,1,,2026/07/06
日本ハム,パ,投手,河野 竜生,5,0,1,0,0,,1,,2026/07/06
日本ハム,パ,投手,菊地 大稀,6,2,1,0,0,,1,,2026/07/06
日本ハム,パ,投手,北山 亘基,13,4,10,1,0,,0.933,,2026/07/06
日本ハム,パ,投手,畔柳 亨丞,7,0,0,0,0,,0,,2026/07/06
日本ハム,パ,投手,古林 睿煬,7,0,1,0,0,,1,,2026/07/06
日本ハム,パ,投手,齋藤 友貴哉,15,0,0,0,0,,0,,2026/07/06
日本ハム,パ,投手,柴田 獅子,2,1,0,0,0,,1,,2026/07/06
日本ハム,パ,投手,島本 浩也,29,1,2,0,0,,1,,2026/07/06
日本ハム,パ,投手,清水 大暉,2,0,0,0,0,,0,,2026/07/06
日本ハム,パ,投手,孫 易磊,2,0,0,0,0,,0,,2026/07/06
日本ハム,パ,投手,達 孝太,15,6,11,0,0,,1,,2026/07/06
日本ハム,パ,投手,田中 正義,27,4,2,0,0,,1,,2026/07/06
日本ハム,パ,投手,玉井 大翔,12,1,2,1,1,,0.75,,2026/07/06
日本ハム,パ,投手,生田目 翼,6,0,1,0,0,,1,,2026/07/06
日本ハム,パ,投手,福島 蓮,9,4,3,0,0,,1,,2026/07/06
日本ハム,パ,投手,福谷 浩司,12,0,2,0,0,,1,,2026/07/06
日本ハム,パ,投手,細野 晴希,9,2,8,2,0,,0.833,,2026/07/06
日本ハム,パ,投手,堀 瑞輝,14,0,2,0,0,,1,,2026/07/06
日本ハム,パ,投手,矢澤 宏太,1,0,0,0,0,,0,,2026/07/06
日本ハム,パ,投手,柳川 大晟,29,2,4,1,1,,0.857,,2026/07/06
日本ハム,パ,投手,山﨑 福也,9,1,4,0,0,,1,,2026/07/06
日本ハム,パ,投手,山本 拓実,15,1,1,0,0,,1,,2026/07/06
ロッテ,パ,一塁手,池田 来翔,37,128,13,1,7,,0.993,,2026/07/06
ロッテ,パ,一塁手,井上 広大,3,11,1,0,1,,1,,2026/07/06
ロッテ,パ,一塁手,上田 希由翔,13,79,3,1,3,,0.988,,2026/07/06
ロッテ,パ,一塁手,岡 大海,7,27,2,0,1,,1,,2026/07/06
ロッテ,パ,一塁手,ソト,42,294,22,2,23,,0.994,,2026/07/06
ロッテ,パ,一塁手,寺地 隆成,3,7,0,0,0,,1,,2026/07/06
ロッテ,パ,一塁手,宮崎 竜成,1,1,0,0,0,,1,,2026/07/06
ロッテ,パ,一塁手,安田 尚憲,7,36,3,0,2,,1,,2026/07/06
ロッテ,パ,一塁手,山口 航輝,6,35,2,2,2,,0.949,,2026/07/06
ロッテ,パ,二塁手,池田 来翔,5,4,5,0,0,,1,,2026/07/06
ロッテ,パ,二塁手,石垣 勝海,1,0,5,0,0,,1,,2026/07/06
ロッテ,パ,二塁手,上田 希由翔,7,4,24,0,5,,1,,2026/07/06
ロッテ,パ,二塁手,小川 龍成,66,118,173,0,25,,1,,2026/07/06
ロッテ,パ,二塁手,友杉 篤輝,1,1,0,0,0,,1,,2026/07/06
ロッテ,パ,二塁手,藤岡 裕大,7,14,16,0,3,,1,,2026/07/06
ロッテ,パ,二塁手,宮崎 竜成,9,6,8,0,2,,1,,2026/07/06
ロッテ,パ,二塁手,山﨑 剛,2,1,4,0,1,,1,,2026/07/06
ロッテ,パ,三塁手,池田 来翔,5,0,2,0,0,,1,,2026/07/06
ロッテ,パ,三塁手,上田 希由翔,5,2,2,0,0,,1,,2026/07/06
ロッテ,パ,三塁手,寺地 隆成,59,32,74,5,9,,0.955,,2026/07/06
ロッテ,パ,三塁手,藤岡 裕大,1,0,0,0,0,,0,,2026/07/06
ロッテ,パ,三塁手,宮崎 竜成,21,0,4,0,0,,1,,2026/07/06
ロッテ,パ,三塁手,安田 尚憲,11,8,12,0,1,,1,,2026/07/06
ロッテ,パ,遊撃手,小川 龍成,16,9,32,0,5,,1,,2026/07/06
ロッテ,パ,遊撃手,友杉 篤輝,71,91,186,7,25,,0.975,,2026/07/06
ロッテ,パ,遊撃手,藤岡 裕大,1,2,3,0,0,,1,,2026/07/06
ロッテ,パ,遊撃手,宮崎 竜成,5,1,1,0,0,,1,,2026/07/06
ロッテ,パ,遊撃手,山﨑 剛,3,0,0,0,0,,0,,2026/07/06
ロッテ,パ,外野手,愛斗,16,34,1,1,0,,0.972,,2026/07/06
ロッテ,パ,外野手,池田 来翔,1,1,0,0,0,,1,,2026/07/06
ロッテ,パ,外野手,井上 広大,10,18,1,2,0,,0.905,,2026/07/06
ロッテ,パ,外野手,岡 大海,17,18,0,0,0,,1,,2026/07/06
ロッテ,パ,外野手,髙部 瑛斗,38,83,0,1,0,,0.988,,2026/07/06
ロッテ,パ,外野手,西川 史礁,72,165,1,2,0,,0.988,,2026/07/06
ロッテ,パ,外野手,藤原 恭大,40,68,3,0,1,,1,,2026/07/06
ロッテ,パ,外野手,山口 航輝,30,55,0,0,0,,1,,2026/07/06
ロッテ,パ,外野手,山本 大斗,35,47,0,0,0,,1,,2026/07/06
ロッテ,パ,外野手,和田 康士朗,15,11,0,0,0,,1,,2026/07/06
ロッテ,パ,捕手,佐藤 都志也,63,398,38,4,2,0,0.991,0.281,2026/07/06
ロッテ,パ,捕手,田村 龍弘,2,4,3,0,0,0,1,0.5,2026/07/06
ロッテ,パ,捕手,寺地 隆成,1,0,0,0,0,0,0,0,2026/07/06
ロッテ,パ,捕手,松川 虎生,28,134,10,0,1,3,1,0.2,2026/07/06
ロッテ,パ,投手,東妻 勇輔,1,0,0,0,0,,0,,2026/07/06
ロッテ,パ,投手,小島 和哉,10,1,5,0,0,,1,,2026/07/06
ロッテ,パ,投手,小野 郁,18,0,0,0,0,,0,,2026/07/06
ロッテ,パ,投手,カスティーヨ,3,0,1,0,0,,1,,2026/07/06
ロッテ,パ,投手,唐川 侑己,1,0,0,0,0,,0,,2026/07/06
ロッテ,パ,投手,河村 説人,3,0,1,0,0,,1,,2026/07/06
ロッテ,パ,投手,菊地 吏玖,2,0,1,0,0,,1,,2026/07/06
ロッテ,パ,投手,木村 優人,3,1,1,1,0,,0.667,,2026/07/06
ロッテ,パ,投手,坂本 光士郎,14,0,2,0,0,,1,,2026/07/06
ロッテ,パ,投手,澤田 圭佑,26,2,2,0,0,,1,,2026/07/06
ロッテ,パ,投手,ジャクソン,13,4,8,1,0,,0.923,,2026/07/06
ロッテ,パ,投手,鈴木 昭汰,28,3,3,1,0,,0.857,,2026/07/06
ロッテ,パ,投手,高野 脩汰,23,2,3,1,0,,0.833,,2026/07/06
ロッテ,パ,投手,田中 晴也,10,0,6,0,0,,1,,2026/07/06
ロッテ,パ,投手,種市 篤暉,2,0,0,0,0,,0,,2026/07/06
ロッテ,パ,投手,中森 俊介,17,4,2,0,0,,1,,2026/07/06
ロッテ,パ,投手,西野 勇士,6,1,4,0,0,,1,,2026/07/06
ロッテ,パ,投手,廣池 康志郎,12,1,2,0,0,,1,,2026/07/06
ロッテ,パ,投手,廣畑 敦也,4,2,1,0,0,,1,,2026/07/06
ロッテ,パ,投手,益田 直也,20,2,1,0,0,,1,,2026/07/06
ロッテ,パ,投手,宮﨑 颯,4,0,0,0,0,,0,,2026/07/06
ロッテ,パ,投手,毛利 海大,10,2,6,1,0,,0.889,,2026/07/06
ロッテ,パ,投手,八木 彬,24,2,3,0,0,,1,,2026/07/06
ロッテ,パ,投手,横山 陸人,33,4,6,0,0,,1,,2026/07/06
ロッテ,パ,投手,ロング,19,2,1,1,0,,0.75,,2026/07/06
西武,パ,一塁手,岸 潤一郎,6,25,1,0,2,,1,,2026/07/06
西武,パ,一塁手,外崎 修汰,4,20,0,0,1,,1,,2026/07/06
西武,パ,一塁手,仲田 慶介,2,5,0,0,1,,1,,2026/07/06
西武,パ,一塁手,ネビン,31,283,21,3,31,,0.99,,2026/07/06
西武,パ,一塁手,長谷川 信哉,28,192,14,0,16,,1,,2026/07/06
西武,パ,一塁手,平沢 大河,30,211,12,2,17,,0.991,,2026/07/06
西武,パ,一塁手,山村 崇嘉,9,45,7,0,5,,1,,2026/07/06
西武,パ,二塁手,石井 一成,38,74,121,3,32,,0.985,,2026/07/06
西武,パ,二塁手,児玉 亮涼,1,0,0,0,0,,0,,2026/07/06
西武,パ,二塁手,佐藤 太陽,5,6,12,1,3,,0.947,,2026/07/06
西武,パ,二塁手,滝澤 夏央,49,60,99,1,25,,0.994,,2026/07/06
西武,パ,二塁手,外崎 修汰,9,15,30,0,6,,1,,2026/07/06
西武,パ,二塁手,仲田 慶介,4,3,10,0,2,,1,,2026/07/06
西武,パ,二塁手,平沢 大河,3,3,4,0,3,,1,,2026/07/06
西武,パ,三塁手,児玉 亮涼,3,0,0,0,0,,0,,2026/07/06
西武,パ,三塁手,佐藤 太陽,3,1,0,0,0,,1,,2026/07/06
西武,パ,三塁手,滝澤 夏央,9,1,7,1,1,,0.889,,2026/07/06
西武,パ,三塁手,仲田 慶介,1,0,0,0,0,,0,,2026/07/06
西武,パ,三塁手,平沢 大河,22,16,34,1,0,,0.98,,2026/07/06
西武,パ,三塁手,山村 崇嘉,9,3,14,1,1,,0.944,,2026/07/06
西武,パ,三塁手,渡部 聖弥,54,33,86,8,11,,0.937,,2026/07/06
西武,パ,遊撃手,源田 壮亮,66,72,145,3,29,,0.986,,2026/07/06
西武,パ,遊撃手,滝澤 夏央,40,51,97,5,31,,0.967,,2026/07/06
西武,パ,外野手,秋山 俊,5,1,0,1,0,,0.5,,2026/07/06
西武,パ,外野手,カナリオ,67,87,1,1,0,,0.989,,2026/07/06
西武,パ,外野手,岸 潤一郎,51,65,2,0,0,,1,,2026/07/06
西武,パ,外野手,桑原 将志,50,88,0,2,0,,0.978,,2026/07/06
西武,パ,外野手,茶野 篤政,11,6,0,0,0,,1,,2026/07/06
西武,パ,外野手,仲田 慶介,1,0,0,0,0,,0,,2026/07/06
西武,パ,外野手,仲三 優太,2,1,0,0,0,,1,,2026/07/06
西武,パ,外野手,西川 愛也,62,85,1,0,0,,1,,2026/07/06
西武,パ,外野手,長谷川 信哉,48,69,1,1,0,,0.986,,2026/07/06
西武,パ,外野手,平沢 大河,4,4,0,0,0,,1,,2026/07/06
西武,パ,外野手,蛭間 拓哉,2,2,0,0,0,,1,,2026/07/06
西武,パ,外野手,林 安可,17,15,0,1,0,,0.938,,2026/07/06
西武,パ,捕手,古賀 悠斗,56,276,38,1,2,3,0.997,0.6,2026/07/06
西武,パ,捕手,小島 大河,39,251,31,0,4,5,1,0.233,2026/07/06
西武,パ,捕手,柘植 世那,17,78,2,0,0,0,1,0,2026/07/06
西武,パ,投手,青山 美夏人,2,0,0,0,0,,0,,2026/07/06
西武,パ,投手,糸川 亮太,9,0,2,0,0,,1,,2026/07/06
西武,パ,投手,岩城 颯空,26,1,2,0,0,,1,,2026/07/06
西武,パ,投手,ウィンゲンター,8,0,1,0,0,,1,,2026/07/06
西武,パ,投手,上田 大河,11,0,5,0,0,,1,,2026/07/06
西武,パ,投手,甲斐野 央,32,1,3,0,0,,1,,2026/07/06
西武,パ,投手,黒田 将矢,22,0,1,0,0,,1,,2026/07/06
西武,パ,投手,佐藤 隼輔,17,1,2,1,0,,0.75,,2026/07/06
西武,パ,投手,佐藤 爽,4,2,6,0,0,,1,,2026/07/06
西武,パ,投手,篠原 響,26,2,5,0,0,,1,,2026/07/06
西武,パ,投手,菅井 信也,7,1,2,0,0,,1,,2026/07/06
西武,パ,投手,隅田 知一郎,13,5,14,1,1,,0.95,,2026/07/06
西武,パ,投手,平良 海馬,12,4,9,0,0,,1,,2026/07/06
西武,パ,投手,髙橋 光成,13,6,8,0,1,,1,,2026/07/06
西武,パ,投手,武内 夏暉,12,1,12,0,0,,1,,2026/07/06
西武,パ,投手,中村 祐太,11,1,1,0,0,,1,,2026/07/06
西武,パ,投手,成田 晴風,2,0,1,0,0,,1,,2026/07/06
西武,パ,投手,羽田 慎之介,8,0,2,0,0,,1,,2026/07/06
西武,パ,投手,浜屋 将太,21,2,5,0,1,,1,,2026/07/06
西武,パ,投手,冨士 大和,2,0,0,0,0,,0,,2026/07/06
西武,パ,投手,堀越 啓太,2,0,0,0,0,,0,,2026/07/06
西武,パ,投手,豆田 泰志,12,1,3,0,0,,1,,2026/07/06
西武,パ,投手,森脇 亮介,2,0,0,0,0,,0,,2026/07/06
西武,パ,投手,Ｅ．ラミレス,4,0,1,0,0,,1,,2026/07/06
西武,パ,投手,ワイナンス,7,1,6,0,0,,1,,2026/07/06
西武,パ,投手,渡邉 勇太朗,12,4,7,1,0,,0.917,,2026/07/06
オリックス,パ,一塁手,太田 椋,32,207,14,1,8,,0.995,,2026/07/06
オリックス,パ,一塁手,シーモア,26,189,16,0,12,,1,,2026/07/06
オリックス,パ,一塁手,内藤 鵬,1,8,0,0,0,,1,,2026/07/06
オリックス,パ,一塁手,平沼 翔太,6,15,5,1,2,,0.952,,2026/07/06
オリックス,パ,一塁手,廣岡 大志,2,11,2,0,1,,1,,2026/07/06
オリックス,パ,一塁手,山中 稜真,28,222,13,0,16,,1,,2026/07/06
オリックス,パ,二塁手,大城 滉二,9,8,9,0,2,,1,,2026/07/06
オリックス,パ,二塁手,太田 椋,42,68,112,3,18,,0.984,,2026/07/06
オリックス,パ,二塁手,宜保 翔,6,12,17,0,4,,1,,2026/07/06
オリックス,パ,二塁手,杉澤 龍,1,0,1,0,0,,1,,2026/07/06
オリックス,パ,二塁手,西野 真弘,12,12,26,0,1,,1,,2026/07/06
オリックス,パ,二塁手,野口 智哉,30,28,61,1,6,,0.989,,2026/07/06
オリックス,パ,三塁手,西野 真弘,7,3,16,0,0,,1,,2026/07/06
オリックス,パ,三塁手,野口 智哉,6,2,2,0,1,,1,,2026/07/06
オリックス,パ,三塁手,平沼 翔太,2,0,2,0,0,,1,,2026/07/06
オリックス,パ,三塁手,廣岡 大志,1,0,0,0,0,,0,,2026/07/06
オリックス,パ,三塁手,宗 佑磨,71,43,101,2,3,,0.986,,2026/07/06
オリックス,パ,三塁手,横山 聖哉,1,1,0,0,0,,1,,2026/07/06
オリックス,パ,遊撃手,宜保 翔,3,5,6,1,1,,0.917,,2026/07/06
オリックス,パ,遊撃手,紅林 弘太郎,70,90,167,3,33,,0.988,,2026/07/06
オリックス,パ,遊撃手,野口 智哉,7,9,16,0,3,,1,,2026/07/06
オリックス,パ,遊撃手,横山 聖哉,4,2,7,1,0,,0.9,,2026/07/06
オリックス,パ,外野手,池田 陵真,1,1,0,0,0,,1,,2026/07/06
オリックス,パ,外野手,来田 涼斗,35,43,0,0,0,,1,,2026/07/06
オリックス,パ,外野手,宜保 翔,1,0,0,0,0,,0,,2026/07/06
オリックス,パ,外野手,杉澤 龍,17,25,1,0,1,,1,,2026/07/06
オリックス,パ,外野手,杉本 裕太郎,2,5,0,0,0,,1,,2026/07/06
オリックス,パ,外野手,中川 圭太,67,124,5,0,0,,1,,2026/07/06
オリックス,パ,外野手,西川 龍馬,62,112,3,2,1,,0.983,,2026/07/06
オリックス,パ,外野手,野口 智哉,1,0,0,0,0,,0,,2026/07/06
オリックス,パ,外野手,平沼 翔太,3,3,0,0,0,,1,,2026/07/06
オリックス,パ,外野手,廣岡 大志,11,16,0,0,0,,1,,2026/07/06
オリックス,パ,外野手,麦谷 祐介,20,8,0,0,0,,1,,2026/07/06
オリックス,パ,外野手,山中 稜真,5,12,0,0,0,,1,,2026/07/06
オリックス,パ,外野手,渡部 遼人,51,136,3,1,0,,0.993,,2026/07/06
オリックス,パ,捕手,石川 亮,2,1,0,0,0,0,1,0,2026/07/06
オリックス,パ,捕手,福永 奨,11,15,2,0,1,0,1,0,2026/07/06
オリックス,パ,捕手,森 友哉,21,135,16,0,0,1,1,0.273,2026/07/06
オリックス,パ,捕手,若月 健矢,60,421,48,3,3,1,0.994,0.27,2026/07/06
オリックス,パ,投手,阿部 翔太,2,0,0,0,0,,0,,2026/07/06
オリックス,パ,投手,入山 海斗,25,2,2,0,0,,1,,2026/07/06
オリックス,パ,投手,岩嵜 翔,9,0,2,0,0,,1,,2026/07/06
オリックス,パ,投手,エスピノーザ,13,6,13,1,0,,0.95,,2026/07/06
オリックス,パ,投手,片山 楽生,13,0,3,0,0,,1,,2026/07/06
オリックス,パ,投手,川瀬 堅斗,6,1,2,0,0,,1,,2026/07/06
オリックス,パ,投手,九里 亜蓮,14,4,11,2,0,,0.882,,2026/07/06
オリックス,パ,投手,古田島 成龍,6,0,0,0,0,,0,,2026/07/06
オリックス,パ,投手,権田 琉成,13,0,1,0,0,,1,,2026/07/06
オリックス,パ,投手,才木 海翔,2,0,0,0,0,,0,,2026/07/06
オリックス,パ,投手,佐藤 一磨,5,0,0,1,0,,0,,2026/07/06
オリックス,パ,投手,ジェリー,12,10,12,0,0,,1,,2026/07/06
オリックス,パ,投手,曽谷 龍平,8,1,4,0,0,,1,,2026/07/06
オリックス,パ,投手,髙島 泰都,12,0,8,0,0,,1,,2026/07/06
オリックス,パ,投手,髙谷 舟,1,0,0,0,0,,0,,2026/07/06
オリックス,パ,投手,田嶋 大樹,9,0,8,0,0,,1,,2026/07/06
オリックス,パ,投手,寺西 成騎,23,3,8,0,0,,1,,2026/07/06
オリックス,パ,投手,東松 快征,5,0,0,0,0,,0,,2026/07/06
オリックス,パ,投手,平野 佳寿,2,0,1,0,0,,1,,2026/07/06
オリックス,パ,投手,博志,13,0,0,0,0,,0,,2026/07/06
オリックス,パ,投手,ペルドモ,10,0,5,0,0,,1,,2026/07/06
オリックス,パ,投手,マチャド,28,1,6,1,0,,0.875,,2026/07/06
オリックス,パ,投手,宮城 大弥,3,0,1,0,0,,1,,2026/07/06
オリックス,パ,投手,宮國 凌空,4,1,1,0,0,,1,,2026/07/06
オリックス,パ,投手,椋木 蓮,29,1,3,0,0,,1,,2026/07/06
オリックス,パ,投手,山岡 泰輔,1,0,0,0,0,,0,,2026/07/06
オリックス,パ,投手,山﨑 颯一郎,29,1,4,0,2,,1,,2026/07/06
オリックス,パ,投手,山田 修義,8,0,2,0,0,,1,,2026/07/06
オリックス,パ,投手,横山 楓,7,1,0,0,0,,1,,2026/07/06
オリックス,パ,投手,吉田 輝星,20,1,3,0,1,,1,,2026/07/06
楽天,パ,一塁手,浅村 栄斗,41,286,29,1,30,,0.997,,2026/07/06
楽天,パ,一塁手,伊藤 裕季也,10,69,0,0,3,,1,,2026/07/06
楽天,パ,一塁手,入江 大樹,1,1,0,0,0,,1,,2026/07/06
楽天,パ,一塁手,黒川 史陽,21,79,4,0,7,,1,,2026/07/06
楽天,パ,一塁手,鈴木 大地,12,43,1,0,3,,1,,2026/07/06
楽天,パ,一塁手,ボイト,4,28,1,0,1,,1,,2026/07/06
楽天,パ,一塁手,渡邊 佳明,15,59,4,1,3,,0.984,,2026/07/06
楽天,パ,二塁手,入江 大樹,4,5,4,0,1,,1,,2026/07/06
楽天,パ,二塁手,黒川 史陽,45,71,99,1,17,,0.994,,2026/07/06
楽天,パ,二塁手,小深田 大翔,49,65,96,1,17,,0.994,,2026/07/06
楽天,パ,二塁手,繁永 晟,1,1,3,0,0,,1,,2026/07/06
楽天,パ,二塁手,平良 竜哉,4,1,3,0,1,,1,,2026/07/06
楽天,パ,二塁手,村林 一輝,3,4,10,0,3,,1,,2026/07/06
楽天,パ,二塁手,ワォーターズ,2,1,2,0,0,,1,,2026/07/06
楽天,パ,二塁手,渡邊 佳明,1,0,0,0,0,,0,,2026/07/06
楽天,パ,三塁手,伊藤 裕季也,2,2,1,0,0,,1,,2026/07/06
楽天,パ,三塁手,黒川 史陽,35,13,45,1,6,,0.983,,2026/07/06
楽天,パ,三塁手,繁永 晟,2,0,1,0,0,,1,,2026/07/06
楽天,パ,三塁手,鈴木 大地,12,4,5,1,0,,0.9,,2026/07/06
楽天,パ,三塁手,平良 竜哉,48,20,56,1,5,,0.987,,2026/07/06
楽天,パ,三塁手,村林 一輝,1,1,0,0,0,,1,,2026/07/06
楽天,パ,三塁手,渡邊 佳明,7,4,4,1,1,,0.889,,2026/07/06
楽天,パ,遊撃手,入江 大樹,2,0,1,0,0,,1,,2026/07/06
楽天,パ,遊撃手,宗山 塁,3,4,9,0,2,,1,,2026/07/06
楽天,パ,遊撃手,村林 一輝,72,103,159,6,31,,0.978,,2026/07/06
楽天,パ,遊撃手,ワォーターズ,5,1,3,0,1,,1,,2026/07/06
楽天,パ,外野手,伊藤 裕季也,4,5,0,0,0,,1,,2026/07/06
楽天,パ,外野手,小郷 裕哉,31,44,0,0,0,,1,,2026/07/06
楽天,パ,外野手,小森 航大郎,3,4,0,0,0,,1,,2026/07/06
楽天,パ,外野手,阪上 翔也,3,5,0,0,0,,1,,2026/07/06
楽天,パ,外野手,佐藤 直樹,44,93,6,1,2,,0.99,,2026/07/06
楽天,パ,外野手,平良 竜哉,5,2,1,0,0,,1,,2026/07/06
楽天,パ,外野手,辰己 涼介,75,165,4,0,1,,1,,2026/07/06
楽天,パ,外野手,中島 大輔,58,102,2,2,1,,0.981,,2026/07/06
楽天,パ,外野手,マッカスカー,25,44,1,0,0,,1,,2026/07/06
楽天,パ,外野手,武藤 敦貴,12,18,1,1,0,,0.95,,2026/07/06
楽天,パ,外野手,吉野 創士,2,1,1,0,0,,1,,2026/07/06
楽天,パ,外野手,渡邊 佳明,16,26,2,0,1,,1,,2026/07/06
楽天,パ,捕手,石原 彪,7,24,2,0,0,0,1,0.5,2026/07/06
楽天,パ,捕手,伊藤 光,20,75,8,0,0,0,1,0.1,2026/07/06
楽天,パ,捕手,太田 光,58,397,40,1,4,4,0.998,0.333,2026/07/06
楽天,パ,捕手,堀内 謙伍,17,89,8,0,1,1,1,0.2,2026/07/06
楽天,パ,捕手,YG安田,5,17,2,0,0,0,1,0,2026/07/06
楽天,パ,投手,伊藤 樹,1,0,0,0,0,,0,,2026/07/06
楽天,パ,投手,ウレーニャ,8,1,6,0,1,,1,,2026/07/06
楽天,パ,投手,内 星龍,23,2,2,0,0,,1,,2026/07/06
楽天,パ,投手,江原 雅裕,1,0,0,0,0,,0,,2026/07/06
楽天,パ,投手,加治屋 蓮,30,1,2,0,0,,1,,2026/07/06
楽天,パ,投手,岸 孝之,4,0,5,0,0,,1,,2026/07/06
楽天,パ,投手,九谷 瑠,17,3,3,2,0,,0.75,,2026/07/06
楽天,パ,投手,コントレラス,1,0,0,0,0,,0,,2026/07/06
楽天,パ,投手,古賀 康誠,1,0,0,0,0,,0,,2026/07/06
楽天,パ,投手,古謝 樹,10,5,10,2,1,,0.882,,2026/07/06
楽天,パ,投手,柴田 大地,20,1,0,0,0,,1,,2026/07/06
楽天,パ,投手,荘司 康誠,13,6,9,0,1,,1,,2026/07/06
楽天,パ,投手,鈴木 翔天,25,2,2,1,0,,0.8,,2026/07/06
楽天,パ,投手,宋 家豪,17,0,1,0,0,,1,,2026/07/06
楽天,パ,投手,泰 勝利,3,0,0,0,0,,0,,2026/07/06
楽天,パ,投手,瀧中 瞭太,11,4,6,0,0,,1,,2026/07/06
楽天,パ,投手,田中 千晴,15,0,4,1,0,,0.8,,2026/07/06
楽天,パ,投手,津留﨑 大成,17,1,2,0,0,,1,,2026/07/06
楽天,パ,投手,中込 陽翔,8,0,2,0,0,,1,,2026/07/06
楽天,パ,投手,西垣 雅矢,30,1,4,0,0,,1,,2026/07/06
楽天,パ,投手,早川 隆久,11,1,9,1,0,,0.909,,2026/07/06
楽天,パ,投手,日當 直喜,3,0,0,0,0,,0,,2026/07/06
楽天,パ,投手,藤井 聖,8,4,5,1,1,,0.9,,2026/07/06
楽天,パ,投手,藤平 尚真,27,0,0,0,0,,0,,2026/07/06
楽天,パ,投手,藤原 聡大,10,1,9,0,1,,1,,2026/07/06
楽天,パ,投手,前田 健太,8,5,7,0,1,,1,,2026/07/06
楽天,パ,投手,渡辺 翔太,6,0,0,1,0,,0,,2026/07/06